"","x","predicted","std.error","conf.low","conf.high","group"
"1",-50,58.9173199282655,0.126129496514799,46.007607267142,75.4494918062978,"0"
"2",-50,94.5121348189624,0.121265419781442,74.5103393172252,119.883276735699,"1"
"3",-40,78.9113387770275,0.126129496514799,61.6206217084924,101.053822810175,"0"
"4",-40,102.600933880248,0.121265419781442,80.8872893658062,130.143459072931,"1"
"5",-30,101.189801792395,0.126129496514799,79.0175226227657,129.583611924504,"0"
"6",-30,112.160952629564,0.121265419781442,88.4241018846955,142.269800050393,"1"
"7",-20,124.232431185793,0.126129496514799,97.0111490270982,159.091992138158,"0"
"8",-20,123.469218578906,0.121265419781442,97.3391764895477,156.613693337775,"1"
"9",-10,146.027324682774,0.126129496514799,114.030438120003,187.002522357824,"0"
"10",-10,136.868133459503,0.121265419781442,107.902451736142,173.609456089993,"1"
"11",0,164.336554965126,0.126129496514799,128.327827702892,210.449313926923,"0"
"12",0,152.78215251213,0.121265419781442,120.448554538531,193.795485679925,"1"
"13",10,177.065982517896,0.126129496514799,138.268037208287,226.750612781164,"0"
"14",10,171.739240910912,0.121265419781442,135.393715726199,217.841475953741,"1"
"15",20,182.657283332779,0.126129496514799,142.634195959514,233.910829938575,"0"
"16",20,194.398580025111,0.121265419781442,153.257612773251,246.583561050845,"1"
"17",30,180.401340332453,0.126129496514799,140.872565598485,231.02187040807,"0"
"18",30,221.58648706205,0.121265419781442,174.69168769419,281.069877431457,"1"
"19",40,170.586017813029,0.126129496514799,133.207934820578,218.452373069985,"0"
"20",40,254.343176726844,0.121265419781442,200.516012438393,322.61987838691,"1"
"21",50,154.43580905311,0.126129496514799,120.596491143007,197.770423433017,"0"
"22",50,293.983898616607,0.121265419781442,231.767487653123,372.901883352901,"1"
"23",60,133.860822591984,0.126129496514799,104.529808242584,171.422105581773,"0"
"24",60,342.179221048359,0.121265419781442,269.763135881486,434.034913386761,"1"
"25",70,111.08614011333,0.126129496514799,86.7454173641883,142.256858059373,"0"
"26",70,401.060929949334,0.121265419781442,316.183588854996,508.723017897021,"1"
"27",80,88.2606597056145,0.126129496514799,68.9213591829841,113.02655873324,"0"
"28",80,473.362352282236,0.121265419781442,373.18371398667,600.433266940944,"1"
