"","x","predicted","std.error","conf.low","conf.high","group"
"1",-50,107.40201975152,0.144657095690368,80.8762151609893,142.627765452974,"0"
"2",-50,130.781983084843,0.150547222937481,97.3509489790182,175.693480946862,"1"
"3",-40,236.186534206843,0.144657095690368,177.853945417732,313.651062446876,"0"
"4",-40,295.798535198342,0.150547222937481,220.185284157077,397.377934499319,"1"
"5",-30,440.723051610439,0.144657095690368,331.874693147465,585.27152636646,"0"
"6",-30,560.672203921313,0.150547222937481,417.350844745092,753.211175221131,"1"
"7",-20,697.821502948778,0.144657095690368,525.475797820381,926.693202612811,"0"
"8",-20,890.608711798833,0.150547222937481,662.947611112082,1196.4503140775,"1"
"9",-10,937.542313301517,0.144657095690368,705.991135255462,1245.0377141247,"0"
"10",-10,1185.57698065175,0.150547222937481,882.51486505792,1592.71286264292,"1"
"11",0,1068.82192844808,0.144657095690368,804.847734278542,1419.37445566084,"0"
"12",0,1322.62730422736,0.150547222937481,984.531815277364,1776.82727845102,"1"
"13",10,1033.922012341,0.144657095690368,778.567286939597,1373.02805491005,"0"
"14",10,1236.54554144971,0.150547222937481,920.454630496078,1661.18440324982,"1"
"15",20,848.668643263263,0.144657095690368,639.067197728124,1127.01523191731,"0"
"16",20,968.830168737939,0.150547222937481,721.173774104299,1301.5335964242,"1"
"17",30,591.093901820054,0.144657095690368,445.107435544952,784.961051798852,"0"
"18",30,636.13618256148,0.150547222937481,473.524407502484,854.590040877185,"1"
"19",40,349.335522807829,0.144657095690368,263.057761589095,463.910689265432,"0"
"20",40,350.039817688662,0.150547222937481,260.561184565668,470.246073572911,"1"
"21",50,175.185020862385,0.144657095690368,131.918389179531,232.642254998944,"0"
"22",50,161.417161431041,0.150547222937481,120.155035702563,216.849005554406,"1"
"23",60,74.5451060308996,0.144657095690368,56.1341960654188,98.9944316060388,"0"
"24",60,62.3802152430842,0.150547222937481,46.4343253419704,83.8020413802869,"1"
"25",70,26.9159214793862,0.144657095690368,20.2683139652253,35.7438132410749,"0"
"26",70,20.2026778336715,0.150547222937481,15.0383853542686,27.1404264511198,"1"
"27",80,8.24645544464541,0.144657095690368,6.20977246423911,10.9511303018177,"0"
"28",80,5.48322306503766,0.150547222937481,4.08157879437235,7.36620231916519,"1"
