"","Value","Std.Error","t.value","p.value"
"(Intercept)"," 7.573838880","0.172358606","43.9423307",0
"EFN1"," 0.032652432","0.101356170"," 0.3221553",0.7476
"abs_med_lat","-0.028425270","0.005237490","-5.4272698",0
"fixer1","-0.026461740","0.159115861","-0.1663049",0.868
"woody"," 0.044115449","0.056085230"," 0.7865787",0.4322
"uses_num_uses"," 0.020159897","0.008066225"," 2.4992975",0.013
"annual","-0.086747154","0.052008475","-1.6679427",0.0965
"EFN1:abs_med_lat","-0.001154972","0.003224603","-0.3581750",0.7205
"abs_med_lat:fixer1"," 0.008433729","0.005549061"," 1.5198478",0.1297
